videoId,title,published_at,duration_sec,views,likes,comments
wjv7YlkszmY,وجدنا فطور رمضاني مع الواليد وكيف العادة بقينا بلا فطور 😅,2026-03-14 17:09:49+00:00,1353.0,259609,10010,261
F7C1djlovsg,سولتونا جاوبناكوم.. شحال تكاليف البرطمة ؟,2026-03-07 23:54:07+00:00,1349.0,171383,8092,302
6hGq2Vr_qfE,توديع الواليدة قبل العمرة… انا والوليد غندوزو رمضان بلا بيها!🥲,2026-02-27 21:54:23+00:00,1381.0,171539,7590,213
wOXAjZ6J4pU,علاش رجعنا قبل ما نوصلو لـ جبل توبقال؟ التحدي سالا قبل ما يبدا 😪,2026-02-23 17:54:45+00:00,1929.0,164287,7091,207
qI0ibiDr3y8,اغرب تقديا ديال شهر رمضان!.. مكنتش متوقع هادشي☹️😅,2026-02-19 18:33:13+00:00,1849.0,202846,8825,204
NWXQilkT_TM,الواليد متوقعش هاد اللذة! مشجعة سنغالية طيبات لينا وجبة سنغالية 100% 🇸🇳,2026-01-02 19:15:39+00:00,1464.0,235514,8530,432
wbUaOQXtOgY,لمغاربة وقفوا مع ديباني… شراو ليه دار بعد قرار الهدم ❤️,2025-12-13 16:54:20+00:00,2556.0,381431,18801,739
b_UiR0OqHrg,الاحتفال بالدار الجديدة تحوّل لأغرب عراضة بسبب الواليد والدراري! 😂🏠,2025-11-16 12:27:13+00:00,2425.0,478394,19935,653
nE6lR1M6BV0,قرار الهدم صدم ديباني 😢… لكن المفاجأة المغاربة جمعو ليه 24 مليون الحمد لله ! 🇲🇦❤️,2025-11-02 16:09:44+00:00,1684.0,369538,20953,1217
jX73qLO4K1E,الواليد نتاقم مني 😢 دار ليا برانك عمرني نساه 🤷🏻‍♂️,2025-10-24 20:27:18+00:00,2198.0,545388,23103,691
V8-Ao8QNCvA,لعبة بدرهم فالـبحر 🏖️ حولناها لفرحة الدخول المدرسي !!؟,2025-09-06 17:49:05+00:00,1862.0,268107,10177,301
X-W4-CpcUsg,لوليد قتارح عليا نشري محال تجاري..واش نقدرندير مشروع؟!,2025-08-11 18:59:48+00:00,1429.0,285635,12880,601
j_gtIbdxlDc,الحلقة الاخيرة...ردة فعل ابي على الشقة لي خديت!!,2025-08-03 22:18:58+00:00,2525.0,461525,20760,748
lgUzrBOIBZI,معاد صدماتو التيجة الاخيرة ديال الشقة..موعد المفاجأة قرب!!!,2025-07-30 19:07:34+00:00,1597.0,366879,16376,416
Aj_zV2HHAH8,معلم دار لينا كارتة فالدار..وديباني تعصب بلا قياس!!,2025-07-25 19:14:21+00:00,1564.0,318181,13089,448
167yi92MOM4,بدات كتقرب لحضة الحقيقة…ديباني قرر يعلمني !!!,2025-07-20 20:45:03+00:00,1590.0,332043,13793,361
rJI4r3oivoE,الإستعداد للمفاجأة..لمعلم ديباني زعمني على المعقول!! طلقتها فيد الله..,2025-07-16 20:00:26+00:00,1917.0,350379,15885,530
muSoqvTQ0c4,حققت الحلم المغربي..ربي فرجها عليا🥺🤲🏻,2025-07-12 20:01:52+00:00,1686.0,567090,23346,679
pANDfELmuh4,ها كفاش داز نهار العيد بلا دبيحة.. وها شنو درنا!!,2025-06-07 23:44:44+00:00,1371.0,436608,18591,471
4-vQgcsjViM,PARTE 2  الواليد معجبوش الكادو ديال معاد..وها علاش!!,2025-05-16 21:13:58+00:00,1201.0,403301,15796,761
UnMPfqvTxCY,معاد بغا يصلح العلاقة مع الوليد..ها اشنو جاب ليه فالكادو؟!! 🤫,2025-05-10 23:37:51+00:00,1235.0,469073,17568,405
txZIugbUWlM,أخيرااا اشتريت سيارة احلامي 😍 الواليد معجبوش الحال كي ديما !!,2025-04-20 18:59:50+00:00,1104.0,360992,14732,467
U5SRxIjKT_M,هجم علينا البق بسباب المشروع ديال الوالد .. خسارة فادحة 😢,2025-04-11 19:31:23+00:00,1563.0,399690,16397,507
tvZX9hrM8n4,الضالة غيحيد المشروع ديالو ! …وهذا هو السبب😞,2025-03-30 22:03:47+00:00,1854.0,481083,18117,487
Bcg8BJWbSuY,درنا فطور فرمضان..الضالة قاد لينا طبق الارنب 🐇🤣,2025-03-14 19:31:56+00:00,2177.0,671000,20687,646
KX_x5DR6p0g,رجعنا درنا Omegle الواليد هرب ليه بسباب التيتيز 😍,2025-02-09 13:58:09+00:00,1060.0,175759,10580,367
6Au5gJR-QrQ,تحدي وصف الاشخاص.. الواليد مكيعرفنيش ! 😳,2025-01-31 17:19:04+00:00,1166.0,203227,12913,374
Bk9gLvt7034,PART 2 : الواليد فرگع الرمانة مع عمي.. صدقنا اغنياء 🤑,2025-01-20 13:54:54+00:00,1721.0,374661,14185,327
fGIC81OcgWY,PART 1 : مشيت نشوف الورت ديالنا فالبلاد..لوليد تصدم !!,2025-01-12 12:14:33+00:00,1368.0,389294,18962,388
tNfmMuJZdos,Épisode 1 : auto-stop / الرحلة,2024-10-26 20:57:23+00:00,1386.0,627943,31478,566
uL9Iq6ss55M,الرحلة  TEASER,2024-10-24 15:52:02+00:00,54.0,92864,5993,221
QPfxKeh213E,لقاء القرن .. وحمام الرمال الساخن🔥,2024-09-07 14:56:42+00:00,1453.0,391809,16949,304
MfjxYvWtT14,أغرب عيد ميلاد في التاريخ...شوفوالهدية لي عطيت للوليد!,2024-08-22 13:05:38+00:00,1109.0,238265,12896,382
u6eEbHU9bgo,الضالة كيفكر يعتازل Youtube بعدما دار العمرة...ممكن يكون الأخير,2024-08-16 14:00:46+00:00,967.0,216468,11801,343
lGzT5vBDUN4,مكنتش متوقع الوليد يطرا ليه هادشي فأطهر مكان فالعالم !😬,2024-08-11 13:43:00+00:00,1423.0,305899,12307,726
qEYbyrOYJQw,الفيديو لي كنت كنتسناه...ردة فعل أمي فاش شافت الكعبة الشريفة🕋🥹,2024-08-04 14:19:20+00:00,1476.0,601821,19070,731
5zrOSXEkzW4,السلام عليك يا رسول الله ❤️,2024-07-26 20:22:21+00:00,61.0,40735,3522,121
AjbAYUi2O_Q,وأخيرا حلمي تحقق..🥲🙏🏻,2024-07-26 14:00:22+00:00,1745.0,872582,35156,1119
nli1lwV86as,PRANK: شريت للوليد بارطما همزة ب 17 لمليون ..ردة فعل غير متوقعة,2024-07-18 12:23:15+00:00,1225.0,334714,17247,645
52m0AuEZQuQ,كلينا الطاوس فطبسيل الطاوس!😳🤣,2024-07-07 12:01:35+00:00,1451.0,462529,19243,677
trV4Sg_wbQg,لحظة إدراك 🤣🤣🤣,2024-06-27 20:20:28+00:00,43.0,300845,14310,262
cgFiNLn_69o,عيد الاضحى بطعم الصيف..الفيديو لي كيتسناه كولشي,2024-06-17 21:39:24+00:00,1387.0,569931,25753,470
VkpTjiZTCDs,شرينا أضحية العيد مع الوليد...هاد لعيد ماشي فحال كاع الاعياد😳,2024-06-14 13:58:38+00:00,1642.0,488031,24259,593
bHJgSJBkZ4c,واخيرا درت المبادرة لي كنت كنحلم نديرها من شحال هادي 😳 #متخليوهاش_تخناز,2024-06-08 13:29:01+00:00,1164.0,240533,13961,543
RJmCO8PMGk0,بعد غياب طويل درنا فطور أسطوري فالرحبة ديال الخرفان 😳🤣🤣,2024-06-01 12:18:35+00:00,1300.0,362044,20476,621
5lR86iBuZ0Q,كادو بنكهة التبن 🤣,2024-04-10 14:48:55+00:00,59.0,114954,5044,44
EBXoONidbA4,جربنا ركوب البالون العملاق..لوليد شداتو لخلعة فالسماء!,2024-03-02 12:48:44+00:00,1284.0,531441,23983,439
ur9GCsEQvxU,هاعلاش ممشيناش للكوت ديفوار...قدر الله وما شاء فعل!,2024-01-27 14:51:01+00:00,1936.0,301870,19691,903
vc_pvQcE0PQ,وصلات للحظة لي كنا كنتسناوها...الوليد بدا كيبيع القناين وها هي الارباح لي دار فنهار واحد!!,2023-12-30 13:07:46+00:00,1121.0,870021,34174,565
2G1sBiOjIq8,واخيرا الضالة رجع بعد غياب طويل ...وآخر تطور للمشروع ديال الدجاج!,2023-12-16 12:50:59+00:00,1611.0,607719,28978,627
HtiFBiZs3DE,دخلنا لأغرب قهوة فالعالم...تقهوينا مع الكلاب😳😂!!,2023-12-09 13:18:31+00:00,1282.0,343924,18389,410
NuuE76XuQEg,حكمنا على ديباني يقاد لمسمن فجاكارتا...شوفو ردة فعل الشعب الإندونيسي!!,2023-12-03 12:55:27+00:00,1628.0,440162,18754,394
hN-kEtxdR0Q,عرضو علينا نحضرو لجنازة فإندونيسيا...دوزنا معاهوم نهار كامل!,2023-11-30 13:08:13+00:00,1347.0,259421,15712,459
QrQE6CouxfI,ها كفاش دوزنا نهار كامل فإندونيسيا ب خمسين درهم للفرد !؟,2023-11-26 12:03:03+00:00,1339.0,479728,20834,648
Pz6rPqLTaJI,دخلنا نكتاشفو حيونات لغابة فإندونوسيا...قالو لينا كاين نمر سوماترا,2023-11-23 14:52:41+00:00,1414.0,424461,21795,573
02IwmyZk7kQ,تحدي من أجل البقاء .. بغينا ندوزو 24 ساعة وسط لغابة ولكن خرجو لينا لحناش !!!,2023-11-19 12:34:41+00:00,2028.0,705531,28055,779
vmsEcFPaNpA,جربنا نلبسو الملابس الإندونيسية... درية تزعطات لينا فديباني!!!,2023-11-16 12:03:38+00:00,1073.0,278064,15858,334
EC8M8P3ZQT0,دوزنا نهار زوين وسط البحر..و حسام دار ما بغا فالمعلم ديباني هههههه,2023-11-04 15:58:57+00:00,2101.0,645550,28154,679
LloghB4EeUk,قارنا الاسعار بين المغرب🇲🇦وإندونيسيا🇮🇩...ها الصدمة فين كانت!!!!,2023-11-01 16:38:29+00:00,1936.0,541475,21135,485
AzM1FUNRtAM,درنا يوم ملكي لديباني:متخيلوش شنو طلب منا ، هاد لخطرة تسيف علينا ديال بصح!!,2023-10-28 16:24:45+00:00,1707.0,607497,26823,665
LWenty42Dho,درنا كاميلا فبالي..ديباني صدق طباخ ! وها شنو قال هاد الإندونيسي على لكاميلا المغربية,2023-10-26 12:25:19+00:00,1613.0,624085,25822,675
oICmmYkHacw,مشينا لمدينة بالي السياحية ..وتصدمنا من داكشي لي شفنا!!,2023-10-22 12:32:48+00:00,727.0,386202,22241,486
D296hguAfMY,جربنا نخدمو فانودنيسيا.. ديباني طبر على بريكول ؟؟,2023-10-17 12:21:20+00:00,941.0,344345,19906,516
iVUtffwYZ5s,مشينا لبركان فاندونيسيا🇮🇩و درنا برانك لمعلم ديپاني .. ولكن ها شنو وقع !!,2023-10-13 13:22:36+00:00,1225.0,496798,25360,452
70MLaNAeTY0,اكل الشوارع: جربنا وجبات إندونيسية غريبة ...ديباني تقية وسط الناس ههه,2023-10-08 12:01:20+00:00,1104.0,622754,24692,414
QvAdBZnk8Yk,تلاقينا مع رجل صيني فعمروسبعة وسبعين سنة👴🏻..تصضمنا باللياقة البدنية ديالو😨شنوهوالسر🤔,2023-10-04 13:01:18+00:00,1169.0,372753,19799,401
Q0DtLwESlNU,تحدي للمعلم ديباني: واش تقدر تقاد سفنج فأندونيسيا؟للاسف النتيجة صادمة😱,2023-09-30 14:20:11+00:00,1569.0,643668,27987,730
SQhzasUtOSg,ردة فعل ديباني فاش عرف انه غيعوم مع القرش😰ولكن ها شنو طرااا !🤣,2023-09-27 13:01:39+00:00,1284.0,549156,29896,452
JhDIbYmTBIU,أول نهار فجكارتا..ديباني تسيف علينا 🥲 متخسروش لفلوس🤑,2023-09-23 12:39:29+00:00,1322.0,627101,31447,881
fo3BXiegcDQ,لحظة الوداع مع ابي😭​..وأول مرة يجرب ديباني السفر بالطيارة✈️​ردة فعل موت ديال الضحك😂​,2023-09-20 12:33:23+00:00,1388.0,769499,36058,680
ldXm7HfT1H4,تريب مع ديباني وحسام :كيفاش غنقولو للظالة غاديين بلا بيه! ردة فعل غير متوقعة,2023-09-16 10:53:49+00:00,999.0,598635,27992,510
S6m2Wm34mNM,لمعلم ديباني طيب لينا طاجين فالغابة .. ودار برانك لضالة ميمكنش ههه,2023-08-13 12:44:16+00:00,2116.0,1039429,41494,5458
Sjtsx4vg9zc,الصيف للجميع: لمعلم ديباني وحل وسط الطبوكون.. ردة فعل الضالة ! لموت ديال الضحك هههه,2023-08-04 13:36:02+00:00,1430.0,525564,26724,754
PmxQRq0abS0,الصيف للجميع: ضيف الحلقة كيعاني من فوبيا ديال لبحر.. ديباني دوز اسعد نهار فحياتو !!,2023-08-01 12:02:59+00:00,1403.0,566225,28708,818
llQg0yH1QYk,وأخيرا درنا برانك فالضالة.. دبحنا ليه الدجاج ديالو ردة فعل خطيرة هههه,2023-07-14 15:05:43+00:00,1447.0,1062151,37695,805
RHq1TZC5mZw,هاد لعام عيدنا بحاولي مريض..والسبب هو لمعلم ديباني!,2023-06-29 20:19:36+00:00,1828.0,1293189,41881,851
_9mHO1d4m9k,دينا معانا لمعلم ديباني يختار لينا لحاولي ديال لعيد.. و قتلنا بالضحك فالرحبة 😂,2023-06-28 13:35:12+00:00,1391.0,825589,33981,896
RWz4VCI-9WQ,الوليد عيا من مشروع  تربية الدجاج .. شوفو شنو درنا ليه ؟,2023-06-26 16:58:31+00:00,734.0,348822,18219,291
wVuvqUhJ6h4,الضالة دشن الشطر الثاني ديال لمشروع .. وجبت ليه احمق معلم ! الهربة 🤣,2023-06-10 14:22:46+00:00,1229.0,1095957,39494,1002
hvEaUbOhB5k,لوليد دار مشروع تربية الدجاج .. كيفاش جاتو هاد الفكرة؟,2023-06-01 18:44:01+00:00,1303.0,501616,23712,477
e2CU6YfpkRc,شدوني فالسنغال بسباب المخدرات.. مرض حسام بالملاريا؟,2023-05-04 18:27:59+00:00,3084.0,524643,22804,531
mIcI9QYAt9g,عطيناه يجرب الطموبيل..وصضمنا كان غيتخشا فالحيط !,2023-04-24 14:04:13+00:00,1655.0,432478,21076,575
6Yb5rgY9vQg,فطرنا عند عائلة فغامبيا .. ومول الدارجبد علينا زرواطة ! ها علاش؟,2023-04-19 17:17:26+00:00,1542.0,545437,24459,1012
GBlgAjKqGho,الجزء التاني: جربنا اكل الشوارع غامبيا 🇬🇲.. بسباب الماكلا ديالهوم كنت غنت*قيا🤐!,2023-04-17 16:30:09+00:00,1050.0,430613,17653,373
w6j46Y7D86Y,دابزت مع إفريقي فالبحر درت ! COMBAT.. لهربة 🤣,2023-04-15 15:00:25+00:00,929.0,329663,16497,315
z0CZCTbIFNM,جربنا أكل الشوارع ديال السينغال🇸🇳ميمكنش اشنو كلينا! (الجزء الأول),2023-04-11 15:08:13+00:00,941.0,353633,16658,387
KW6A6vNqoiY,خدمنا فالحوت مع السنغاليين🇸🇳 تسلاو لينا الفلوس !,2023-04-04 15:13:58+00:00,1082.0,420894,19555,278
pu4AUQmINks,دوزنا 24 ساعة فوق اطول واخطر قطار في العالم.. تجربة خطيرة,2023-03-29 20:28:40+00:00,1469.0,325673,19797,356
PkkGQiA9Qig,دزنا من اخطر الطرق فالعالم ..باش نركبو اطول قطار في العالم!,2023-03-26 14:23:09+00:00,1109.0,402010,19544,362
5IQKBk3VTl0,تريب جديد مع الدراري...رحلة إلى أفريقيا العميقة,2023-03-23 18:45:37+00:00,1158.0,407634,21680,294
2QEdXsF4WvA,متيقتش النتيجة 🔥,2023-03-18 16:29:51+00:00,36.0,474989,23049,408
oNx8-FgQLj8,تصدمت فاش شفت الوليد بالسنان لاول مرة ...تبدل بزااف,2023-03-18 13:00:42+00:00,1245.0,380085,23596,676
6rhuxRhzX-s,وأخيرا الحلم ديال الوليد تحقق...دار الهوليود سمايل,2023-03-15 11:50:44+00:00,1158.0,354450,25735,378
sHCET6Zkx9c,سوري عاود لينا قصتو مع الزلزال..أثر فينا بزاف,2023-03-11 19:26:20+00:00,1125.0,89770,4885,126
5BXNxvsMIDw,مشينا لمدينة أنطاكيا المنكوبة بسباب الزلزال...مزال الخير فالمغاربة,2023-03-04 13:29:06+00:00,851.0,238086,10157,406
jaFuN9ejLzY,مقارنة اسعار الخضار والفواكه بين تركيا والمغرب..الوليد تصضم,2023-02-26 11:44:39+00:00,1013.0,474793,19116,700
x1E_Ztd6NpE,Part 3: تحدي اقول لأبي نعم ليوم كامل..الضالة تسيف عليا فإزمير 😤,2023-02-18 14:20:41+00:00,713.0,371261,29955,334
ngR9L6Qdzww,لي عندو وليديه يتهلى فيهوم ❤️,2023-02-17 16:42:11+00:00,30.0,115127,9714,111
jTUYPSax4zk,سولنا رجل تركي على الزلزال.. وصدماتنا هضرتو 🥺,2023-02-11 17:27:15+00:00,1181.0,266019,15128,283
MPgjCum9FYs,كان غيصطيني فالطيارة 🤣🤣🤣,2023-02-10 20:49:59+00:00,61.0,339897,14816,165
KffEX1me4Wo,هذا هو السبب لي خلانا نغبرو لمدة طويلة..مفاجأة للوليد,2023-02-08 20:00:00+00:00,1080.0,332606,22019,314
TnpnCeyxgrs,تجربة اجتماعية : فرقنا 155 وجبة عشاء علي اطفال الشوارع,2022-12-31 17:31:25+00:00,1352.0,192690,15593,387
O9ZWFiRZFw0,استقبال اسطوري للمنتخب الوطني..لوليد سخف وسط الجمهور,2022-12-22 16:30:18+00:00,668.0,226524,12818,197
hr6NlRaEpkc,عشنا اجواء كأس العالم مع المتابعين..Maroc Vs Croatie,2022-11-24 16:51:54+00:00,734.0,191927,12676,159
bNOt1QeRfws,تحدي مع المتابعين ... جيبها عبار تربح دولار🤑,2022-11-06 11:56:28+00:00,1120.0,258353,15831,233
RpUYQcx6PRY,تحدي المشروبات...شربنا عصير ( للبن +الفلفلة..),2022-10-29 18:39:54+00:00,1185.0,529689,27151,448
uO38rtfZcTY,الجزء الثالث: تحدي يقول ليا لوليد  نعم ليوم كامل...بغيت نعرف شحال عندك ديال لفلوس؟😱,2022-10-25 11:30:14+00:00,955.0,374651,22938,300
-1ZRxcCIw2A,عيد ميلاد خيالي الواليد .. درت ليه مفاجأة ديتو لدار العجزة !!,2022-10-19 11:52:14+00:00,1124.0,215822,16680,480
0oVhY5WDV78,الصيف للجميع الحلقة الأخيرة : الاخ عصام دوز معانا نهار مكيتنساش,2022-10-09 10:57:46+00:00,1362.0,289437,25684,441
yKfK5RAjroQ,PART 3 :درنا مقارنة بين اغلى وارخص فندق فاكادير..تصدمنا بالفرق !,2022-10-01 13:05:08+00:00,1305.0,418142,27909,521
iIU6QZvoq-k,الجزء التاني: تحدي أقول لابي نعم ليوم كامل...لواليد غيدير الضالة,2022-09-21 11:55:15+00:00,1079.0,744987,66456,954
bJ79N9wYfoQ,الصيف للجميع: طالب معاشو كيبيع الفاكية... دوز اسعد نهار فحياتو !!,2022-09-11 16:12:48+00:00,1662.0,346289,32406,1097
YSrqx7fN8Kg,الصيف للجميع: خلينا عامل بناء يدوز احسن نهار فالصيف,2022-09-04 13:13:35+00:00,1425.0,406054,35269,956
ZlWBraxzYOs,تحدي أقول لابي نعم ليوم كامل...حسيت بالإستغلال؟,2022-08-24 11:29:05+00:00,1123.0,749521,71785,2096
ICLPHaXdXXA,PART 2:الفرق بين حياة البساطة وحياة الرفاهية...صدماتنا النتيجة !؟,2022-08-18 12:18:50+00:00,857.0,503720,34772,746
HLY_h80zN5w,PART 1: عشنا حياة البسطاء والرفاهية انا والواليد ... اشنو الفرق ؟,2022-08-14 12:57:28+00:00,1178.0,623394,40335,819
VpQkj8FtJFM,ردة الفعل ديالنا انا الواليد على الطرولات ديالكوم علينا,2022-08-12 15:22:51+00:00,853.0,454010,30140,652
8FVzWBSBRl8,اول مرة نبين معايا الواليد والواليدة.. رجعتهوم ليامات الشباب 😍,2022-08-03 13:58:59+00:00,1132.0,565693,34452,950
LdXU54WAtCE,لوليد معجبوش الحولي ديال عيد الاضحى,2022-07-10 21:24:20+00:00,847.0,957156,48456,639
oqUKZzdEmJE,جربنا نعيشو اجواء العيد قبل العيد..دوزنا العيد فالغابة ههه,2022-07-09 17:05:18+00:00,633.0,728487,38901,494
mrZhL0JAh2U,حاولنا ندخلو الفرحة على قلوب الناس..جزى الله المحسنين (فرقنا الحوالة 🐏),2022-07-06 17:10:11+00:00,758.0,345643,29690,592
qwy7kpDxmbc,مشينا نشريو كبش عيد الاضحى..بسباب الاثمنة مشريناش!!,2022-07-04 15:25:25+00:00,1077.0,716248,43810,774
tEdYU7_KeGk,سوق لأضاحي 2022 .. تلاقينا مع واحد السيدة عطات القاسح للواليد,2022-06-29 14:29:40+00:00,1274.0,502445,33163,707
YVCezeTOnEM,التحضيرات الاولى لمهرجان بوجلود اكادير,2022-06-25 13:08:38+00:00,935.0,284297,23811,602
jyMECaZ5prs,جربنا اخطر تحدي .. لعبنا كورة فتيران كيزلق لموت ديال الضحك هههه,2022-06-18 12:55:03+00:00,900.0,445398,25042,510
yKNFPljYeBM,درنا تحدي نقيو البحر.. ونصبت على الوليد ف 2000 درهم,2022-06-11 11:57:40+00:00,806.0,274735,20946,423
aomDMpaGh1Q,مشينا لفيستيڤال گناوة الصويرة .. الواليد كان غيسخف من كثرة الزحام 😱,2022-06-05 15:01:33+00:00,687.0,259149,19873,331
5-oA8USITCM,مشينا انا والواليد نجيبو العسل صدقنا  فقريص النحل هه (تجربة صعيبة),2022-06-01 12:59:26+00:00,956.0,340079,24551,639
0q7OBjUGlmM,اقوى تحدي في القناة..آخر واحد يخرج من برميل التلج يربح 5000 درهم!!!,2022-05-19 17:02:46+00:00,751.0,490806,31861,454
4be-ku_LV4Q,هاعلاش غبرنا؟.. حلينا مطور ديال طوموبيل الموت ديال ضحك ههه,2022-05-14 16:51:58+00:00,870.0,393433,24587,409
Tzwnpe3xYY8,درنا تحدي البالونات انا والدراري..الموت ديال الضحك,2022-03-31 20:41:39+00:00,635.0,525394,32865,514
N40hposhpDs,شعلات لينا العافية فالطوموبيل..تصدمنابردة فعل الناس؟ (تجربة إجتماعية),2022-03-27 12:00:30+00:00,609.0,355475,29816,480
gfOnTEnOTWg,تغديت انا والواليد فالسماء.. ردة فعل الواليد مني شاف معاد اول مرة !,2022-03-20 13:47:31+00:00,900.0,331034,24825,654
2S_Z9CCL09U,اشهر ناجي من حرب أكرانيا مهدي...يحكي تفاصيل الفيديو لاول مرة (بطل القطار),2022-03-18 17:00:59+00:00,1169.0,316485,27324,489
lsDPOlK8jfQ,يوم ملكي : لقاء صحفي مع الضالة,2022-03-05 20:08:53+00:00,647.0,463033,36908,1001
rtXUm49zaWo,ها علاش قررنا نديرو آخر فيديو ديال التفاعلات...الحلقة الاخيرة,2022-02-26 19:10:40+00:00,527.0,659492,49009,1197
WOTcIkGt7nY,غادي نبدلو الدار و هادي اول خطوة ... الواليد كانت غدوز عليه دكاكة,2022-02-19 18:56:40+00:00,968.0,467135,39657,1013
DU82IcFrtgI,تفاعلات كميائية...صدماتنا النتيجة !,2022-02-12 22:06:31+00:00,668.0,588706,56503,1189
WYGAK5B29O4,أسئلة محرجة بيني وبين الواليد.. شربني عاصير رجلين الدجاج..,2022-01-30 11:34:27+00:00,634.0,440867,41883,1102
vm-o0nFSqE4,PART 1 : الواليد عاش يوم ملكي,2022-01-16 11:39:11+00:00,1183.0,951280,78078,2899
C-i7hLWw9yo,شريت سيارة جديدة ودرت ليكوم مسابقة على پيكالتي.. الواليد تعصب بالفرحة ههه,2022-01-08 18:10:33+00:00,1218.0,650948,48805,28415
aHeNqak65fQ,تقلب بينا العاود بسباب واحد الحلمة جات الواليد !,2021-12-28 17:31:28+00:00,1428.0,712805,43910,1083
UJM79s6_x5A,تزوجت بلا خبار الواليد !,2021-12-11 23:07:34+00:00,367.0,1561799,125392,5706
Ojlg_TWDqXk,شريت لدراري جوج طوموبيلات كادو...شوفو ردة الفعل ديالهوم!!,2021-12-04 15:54:06+00:00,1125.0,542690,53608,1056
TVYgpfeTYGk,فالطريق لقينا حمار كيموت...باقي لينا نهار باش نوصلو مركش,2021-11-21 15:24:52+00:00,815.0,450196,33410,781
d6sX8Lkd8LM,تصدمنا فاش شفنا فندق الحمار من لداخل...ودرنا سباق مع ماطر كبار,2021-11-19 16:17:53+00:00,948.0,425222,28245,618
5QTXruIl8dg,دخلنا لسجن مهجور وقديم...متخيلوش اشنو لقينا فيه!!,2021-11-17 17:45:08+00:00,1377.0,630222,40304,749
eW4t58ltzRU,الدراري بداو تاني التبرهيش كانو غايقتلوني.. تسناو الرد ديالي,2021-11-15 14:19:24+00:00,1060.0,756125,46079,766
8R0r56F9V-c,قررنا نبيعو كاتكوت قبل ميقتل فينا شي واحد هههه,2021-11-10 13:23:09+00:00,1480.0,533460,36057,698
Z6mbiN2p7CI,كيفاش تربح 100 درهم.. جهلو لينا الحمير بسبابي وعاقبوني الدراري,2021-11-05 12:37:49+00:00,1108.0,492226,36192,918
GAl13ogTQ-k,اكفس نهار من نهار بدينا التريب هههه موصيبة تابعة موصبة,2021-10-31 13:53:14+00:00,1559.0,788319,50532,1291
ChFxB-aGjpM,عرضات علينا واحد السيدة احسن عراضة نساتنا فالطريق ههه,2021-10-27 13:46:08+00:00,1220.0,825012,60561,1236
_zszTrWDC_I,هربو لينا الحمير وسط الطريق.. الدراري عوتاني بغاو اكملو بالطاكسي,2021-10-24 13:05:15+00:00,1272.0,676764,45622,1098
hIAp2iGgn7I,الانظلاقة ديالنا فالتريب الجديد.. الواليد مسخاش بينا 😢 طراو لينا كواريت وسط الطريق,2021-10-20 11:54:32+00:00,1259.0,679128,49421,1166
K6ldj_eQ6uU,المفاجأة الكبرى للواليد بالحمير.. دوزنا الپيرمي ديال الحمير هههه,2021-10-17 12:42:13+00:00,1358.0,604490,44313,1433
e54cmV_oNJg,زدنا حمار جديد.. شرينا داكشي لي غايحتاجوه الحمير فالتريب الجديد,2021-10-13 11:59:51+00:00,1777.0,646976,45127,1246
evlAcPvX2Vg,تريب رجع بينا 25 عام للماضي 😱,2021-10-10 13:34:25+00:00,1737.0,652800,54209,1736
LYopVqigYvY,تحدي الشواية...شوفو شكون ربح 1000 درهم,2021-10-06 18:07:18+00:00,1049.0,845180,49615,981
SoLDcmHv8fg,عشنا نهار مع الكلاب انا والواليد والدراري.. عضني كلب وسط التدريب,2021-09-24 15:10:51+00:00,1451.0,751778,52116,1173
0d21UBpmvIo,الواليد طمع ليا فالتيتيز ديال اميڭل ونوضناها وسط الفيديو..,2021-09-12 13:45:50+00:00,638.0,465424,52296,1493
xMnB9NruCqQ,لحت للدراري الپيكالات فالبحر.. بسباب هادشي سالينا التريب ديالنا,2021-09-02 12:20:34+00:00,1049.0,1087414,64632,1515
mXbnZiuLbXg,ضاربت انا وحسام حيت شفر ليا پيكالا.. تحنسرنا بالليل نعسنا فالبحر !,2021-08-29 13:03:04+00:00,1245.0,1035817,65916,1559
EPY5_rlmQV4,شداتنا عاصفة ديال الريح فالصويرة.. فشلنا ديال بصح هاد المره :(,2021-08-26 14:24:39+00:00,1663.0,720173,42753,1266
imyp7Z6b1yo,الدراري مبغاوش يكملو معايا حيت عياو بزاف بالحرارة.. تخاصمت مع معاد,2021-08-20 15:34:10+00:00,1618.0,1034612,55125,1435
3CAWDH1a6xY,بداية التريب الجديد مع الدراري بالپيكالات.. تزاد معانا ضيف جديد !!,2021-08-15 12:45:27+00:00,1815.0,1099159,62171,1500
42E1HISUS5o,دوزنا نهار وسط البحر انا والواليد.. تغدينا وسط الماء والواليد تبوع لينا هههههه,2021-08-08 12:39:47+00:00,1620.0,1717494,85848,1464
Z9VZD3wGf30,اجواء يوم عيد الاضحى.. الواليد نوضها مع النسيب,2021-07-21 19:31:32+00:00,1122.0,2183494,112278,2166
srCRsO5gcWg,اجواء عيد الاضحى.. مشيت انا والواليد شرينا الاضحية ديال العيد,2021-07-20 14:16:05+00:00,1102.0,1197863,78096,1733
txBQ14fo17I,پرانكيت الواليد شريت ليه اصغر حاولي فالسوق.. ردة الفعل ديالو الهربة ههههه,2021-07-19 14:19:06+00:00,1363.0,1642831,99081,2400
wfvuMz5Nt4Q,احمق تحدي الدلاح انا والواليد.. الواليد تعصب هههه,2021-07-18 11:45:06+00:00,546.0,565979,57277,1447
u7th2KnUaTk,هنا فين سالا التريب.. اكبر غلطة داروها معايا الدراري مكنتش متوقعها منهوم,2021-07-14 12:08:03+00:00,1036.0,1256917,72268,1533
uOYkgO0pw5A,شدينا الطريق لتطوان.. وسط الطريق حفظني الله من كسيدا خايبة الحمد لله,2021-07-10 13:18:37+00:00,1168.0,863994,54378,1195
Gm4qDaQxahQ,الدراري بغاو يحرڭو لاسبانيا.. وخصرو ليا الپيكالا وسط الطريق,2021-07-07 12:38:56+00:00,1245.0,973867,68823,1747
iAVBHlTwHLc,اخيرا وصلنا طنجة.. معاد حكم عليا وحسام دار كسيدا ياربي السلامة هههه,2021-07-04 12:58:27+00:00,1167.0,990346,63800,1441
8D1Eml5L0gQ,درنا اكبر غلطة فهاد التريب.. شدينا الطريق بالليل 🥱,2021-07-01 12:01:34+00:00,1337.0,1060833,66100,1353
0Q73xvc_2No,قربنا لطنجة.. معاد تشفرات ليه البيكالا !!,2021-06-28 12:22:09+00:00,1309.0,1075991,71871,1619
NteNUL2w3Pc,بدينا رحلة جديدة.. اول مرة نشرب بول الباعير، وتلاقينا بالدراري ديال الشياطة,2021-06-23 12:30:57+00:00,1415.0,1073603,70570,1650
LyCXJ0Xk4_Q,وصلنا لكازا، ولكن تخصمت مع الدراري وسط الطريق بسبب..,2021-06-06 12:57:39+00:00,1028.0,1219028,74924,1834
WZ4i1-BWRTY,رحلة جديدة من مراكش للدار البيضاء بالبيكالات، تلاقينا احسن رحالة في المغرب ‏وعطانا بزاف ديال النصائح,2021-06-03 11:59:15+00:00,1104.0,869430,71041,1674
nbQz2qHEvTA,واخيرا وصلنا لمراكش... وعطيت لدراري مليون سنتيم😔,2021-05-30 13:30:33+00:00,1186.0,1556819,115360,2601
F2rKPT1F6Jk,الدراري عياو ليا وسط الطريق وقررت نعطيهوم مليون الى كملوا معايا لمراكش 😰,2021-05-26 12:22:52+00:00,751.0,1052737,83578,1924
WiPtBlIGXFs,لحظة الوداع مع الواليد 😭.. تبياسات لينا الرويضة وسط الطريق هههه,2021-05-23 12:40:20+00:00,1106.0,1523030,93888,2645
GZSPhc5dQj8,ردة الفعل ديال الواليد مني ڭلنا ليه غانمشيو لمراكش  بالبيكالات!!,2021-05-20 12:48:51+00:00,945.0,862481,65923,1264
11e7GXkMlOA,واخيرآآا صدقات لينا الطنجية.. ولكن قبل پرانكينا بيها الواليد هههه,2021-05-09 17:16:57+00:00,871.0,1220507,71122,1309
6dwTc0nQcD8,الواليد كان غايطيح بالموطور هو وفريو كريو.. تفرڭعات بيهوم الرويضة 😰,2021-05-05 17:23:11+00:00,930.0,592177,57652,1166
2DsUs-yOHas,دخلنا أنا والواليد الأجانب للإسلام.. الواليد هرب ليه ديال بصح هاد المرة هههه,2021-05-01 17:10:44+00:00,902.0,515225,56843,1365
oVm85Jw8CL4,وأخيرآآ كتاشفت الموهيبة ديال الواليد.. صدق حسن من ميسي !!,2021-04-25 18:05:35+00:00,1126.0,723893,58484,1070
UTKul8J-yqo,بدينا فالأشغال ديال الضالة.. صدمنا القايد بالقرار ديالو,2021-04-16 17:15:31+00:00,1451.0,1547521,87427,1709
-IAnxCNnPxk,ضربنا انا والواليد بالسيوفا.. متخيلوش شنو وقع !!,2021-04-10 12:28:49+00:00,729.0,286869,29814,993
Q4_3rrVMtek,مشينا لمدينة الرياح...لواليد كان غيديه الريح!!,2021-04-04 12:36:17+00:00,623.0,363790,35641,1108
eWoZkCgr08k,بدلت ديكور ديال الدار بلا خبار لواليد... و الدراري صبغو ليا لماعن ديال لكوزينا؟؟؟,2021-03-26 16:04:01+00:00,1509.0,1573570,103787,2241
hcmo3lcpX48,مشينا انا والواليد لمصر القديمة والواليد تيق راسو ولا فرعون وتزعط ‏فكليوباترا 😂😂,2021-03-12 19:11:16+00:00,1080.0,474668,41567,1118
1CGcNExZgSY,عاقبني الواليد ودار ليا الكولا فيدي لمدة 5 دقائق بسبب ...🥺,2021-02-26 18:04:04+00:00,825.0,791568,79244,2126
niZt7Boj960,Gaz Haven مشينا انا الواليد لورزازات وبرانكيناه انا والدراري ف,2021-02-21 12:05:48+00:00,621.0,432163,41969,1404
Zi73fRsMsrU,PART 2 : تبعوني الدراري بالثلج وانا عريان.. من كثرت البرد تجمد لينا الواليد هههه,2021-02-13 12:33:50+00:00,653.0,928610,64473,2055
czIF3YqSElg,واخييرا لقينا الثلج وكليناه انا والواليد وتعريت بسباب التحديات الحمقة ديالنا هههه,2021-02-07 12:00:06+00:00,657.0,771910,79526,2475
ElAvPpOyW-g,PART 2 : تحدي المشروبات، كنا غنشربو عصير زيت الكيف وعصير السردين ولكن..,2021-01-31 12:01:22+00:00,949.0,1235891,126751,3381
WQ7tXQinP-M,الضالة سخن عليه الراس ودخل اتريني مع مكفوف وكان غايموت ههههه,2021-01-25 12:46:18+00:00,1285.0,729778,55482,1545
qrGX3GEHCo8,PART 2 : اخيرا شفنا مول الخيمة ديال الرحالة.. رحب بينا مسكين انا والواليد والدراري,2021-01-16 13:01:54+00:00,1031.0,358814,35506,1222
Lnpjs1babmo,مشينا انا والواليد عشنا مع الرحالة وعاودو لينا على المعانات ديالهوم ولكن قتلناهوم بالضحك هههه,2021-01-09 12:50:50+00:00,1065.0,435968,41462,1619
eiR1LkR1nrY,شوينا خروف بمناسبة نهاية 2020 ودخول 2021 ههه الحماق مع الواليد,2020-12-31 18:15:54+00:00,1215.0,1139487,88040,2166
5UV5NdIw9_A,مشينا انا والواليد لدوار من المغرب المنسي، حولنا ندخلو عليهوم الفرحة شوية,2020-12-23 15:07:08+00:00,1223.0,408243,40658,1404
omxGG3RDpnU,مشينا لواحد البلاصة عمرها كثر من 400 سنة.. سميتها حشماتني مع الواليد,2020-12-16 13:40:46+00:00,1702.0,805556,61947,2454
6pmiJiTAj6w,هاكيفاش خرجات لينا الطنجية.. صنعنا السم ههههههه,2020-12-10 13:38:17+00:00,1190.0,948126,75776,2701
1BI_6knyGXQ,اخيرا سافرنا وهجمو علينا الكلاب،، وزاد كملها الواليد طيب لينا افشل طنجية فالتاريخ هههه,2020-12-04 14:00:25+00:00,1481.0,1064773,84271,2534
l1zxJNp-sQY,OMEGLE : درنا أنا والواليد مسابقة للمتابعين...الموت ديال الضحك,2020-11-25 13:12:19+00:00,837.0,578441,80947,2329
fKn8vfcdM4Q,PRANK : رديت الدار مزرعة ديال البهايم.. الواليد كان غايهرب ليه,2020-11-13 15:08:51+00:00,1131.0,1064451,102745,2723
CzuormQOoz8,تحاشمنا أنا والواليد فهاذ الفيديو ! كتاشفت اسرار خطيرة على الواليد,2020-11-08 14:24:19+00:00,682.0,993191,102798,2786
xjreLJD7u-g,تحدي التناسق : شكون لي كايعرف لاخر مزيان ؟؟😂😂,2020-10-31 14:58:12+00:00,903.0,1175003,109169,3611
uAq_UC6neU4,تقادينا انا والواليد باس نعجبو التيتيز ديال OMEGLE,2020-10-09 14:00:04+00:00,709.0,1399808,137562,3327
jjpLINiBo_Y,درنا تحدي المرشميلو انا والواليد.. شدينا فالناس لي كانحتارمو ههههه,2020-10-03 15:11:32+00:00,681.0,913905,96569,2703
b3rgWcQnCDE,تحدي المشروبات، شربنا عصير ( القطران، العطرية...),2020-09-20 14:31:15+00:00,837.0,2048216,165686,4255
B8dpdqZGv8k,اول مرة نركب الخيل انا والواليد، مولات الخيل كان غيركلها العود بسباب النحس ديالنا هههه,2020-09-07 17:52:56+00:00,1767.0,1250510,93221,2368
HSOiz2pggzI,OMEGLE : 😞 تخاصمت مع الواليد وهرست البيسي ديالي,2020-08-24 18:00:13+00:00,678.0,1278141,136350,3460
1SItyH7nk7Q,طلبنا من الناس يسولونا انا والواليد صدقو حشموني معاه هههه,2020-08-19 14:01:02+00:00,1336.0,883696,89314,2649
UmD9mofr5hQ,مشينا لسيدي بوتبوقالت ديال بصح هاد المرة... الواليد عجبوو الحال بزااااف,2020-08-05 15:31:57+00:00,1165.0,1403191,117451,3016
UlCKi83Nf1A,اجواء عيد الاضحى ... الواليد كعى عليا ديال بصح !!,2020-07-31 20:18:15+00:00,1056.0,754009,86884,2409
8BEQ_O2fbjQ,مشينا نشريو الحاولي ديال عيد الاضحى وهرب لينا بسباب الواليد هههه,2020-07-27 15:23:30+00:00,1238.0,3062570,209504,6106
3jGJQUiMJRU,التتمة ديال الڤلوك الاول... عاود لينا الواليد على الذكريات ديالو ( السلوگية ),2020-07-21 18:20:33+00:00,968.0,1148125,113842,2739
UA621e0yPnI,پرانكينا الواليد ديناه للبلاد على غفلة ..من كثرت الفرحة هرب ليه ههه,2020-07-17 16:47:34+00:00,1380.0,2954110,180670,5042
RP3hggdtONc,الواليد بغى يخطب ليا من Omegle ولكن وجهي ممساعدوش هههههه,2020-06-05 16:27:49+00:00,627.0,794733,95327,3237
P4YBEDMYsJM,تحدي الحلاقة...لواليد دار ليا لحسانة ديال ليهود!!!,2020-05-14 17:45:25+00:00,771.0,1364474,114309,3523
_u04zXoJRxA,OMEGLE PART 2 : الواليد صدق كايقمعوه الساطات 😂,2020-05-03 19:55:14+00:00,934.0,841459,94776,2969
2blcMJz-Gi4,أول فطور رمضاني ليا انا والواليد باندومي...رونا الدار كولها😂😂,2020-04-28 17:03:43+00:00,726.0,1314246,144346,3693
QoX5DMLlbbo,الواليد هرب ليه مع Omegle صدمنا واحد بين لينا الاعضاء ... 😂,2020-04-21 17:47:46+00:00,604.0,1075967,129979,3788
OlkjmIvZ0KA,😂 ردة فعل الواليد على الطرولات لي دارو علينا,2020-04-12 19:02:28+00:00,491.0,1035775,107992,2352
6bXHw1VO0MY,احمق تحدي الهمس مع الواليد...كان غيحماق ليا!!!,2020-04-07 16:12:13+00:00,853.0,1093303,108864,2847
t9hRejDVxOk,اول مرة نجرب لكاياك مع لواليد...مبقاش باغي الضالة؟؟؟,2020-04-01 16:38:20+00:00,1100.0,1103536,83401,1814
UKHo_rARh3E,اول مرة نزورو مسجد ديال ليهود...لواليد صدمني!!!,2020-03-25 15:33:51+00:00,887.0,841093,58473,1961
7Xic78bYTU8,🍝 أحمق تحدي بيني وبين الواليد، شكون طيب احسن طبق اندومي ؟,2020-03-21 14:59:25+00:00,602.0,717649,87024,2304
n1SGS7FHgCo,نصائح  وحتياطات من الواليد ديالي ضد فيروس كورونا,2020-03-18 14:00:17+00:00,1118.0,366179,36187,1205
krRC_p25ijA,الواليد خدم بارمان فزاڭورا...وغرق لينا فالپسين!!!,2020-03-13 19:44:53+00:00,1137.0,1433255,90561,1806
H5g1y8RD29E,حلم المليون أصبح  حقيقة ...شكرا ل 1M مشترك ومشتركة,2020-03-06 18:54:29+00:00,1387.0,769582,95224,3283
fa6yrO5-Edo,مشينا انا ولواليد لشلات أزود...والموت ديال الضحك ههه,2020-02-27 18:00:02+00:00,1081.0,746415,59569,2205
2fLowSjUUXg,أسئلة محرجة مع الواليد، الموت ديال الضحك هههه,2020-02-02 17:27:00+00:00,1654.0,3277200,212450,5320
IDpJ1izkkJQ,اول مرة يجرب الواليد الطيران الحر...ولواليد تزط لينا فكاورية,2020-01-17 16:38:28+00:00,1439.0,1154863,81254,2421
E29aCQ3tFik,bouche a bouche دزنا من طريق الموت تيزي نتاست!!!لواليد كان غيدير ليا,2019-12-20 16:34:28+00:00,1208.0,603440,46041,1160
qL64C6sBEj8,لواليد خدم براح فلمدينة القديمة ديال فاس...لموت ديال الضحك😂😂😂,2019-12-11 16:46:08+00:00,1464.0,1220562,73804,2486
-TeCUkNwwMc,مشينا انا والواليد لمدينة إفران...وشفرو ليه التيليفون كان غيتسطا!!!,2019-12-04 16:39:32+00:00,754.0,1079038,80763,2094
d2IXqs35PVY,ضاربنا بالتلج انا والواليد...واول مرة نلعبو مع القرودا في مذينة أزرو!!!,2019-11-28 16:29:28+00:00,1173.0,1155693,80446,2374
i970jxRfqxo,اول مرة نجربو الدرون تهرسات لينا...ودرنا السورف وسط الصحراء شوفو شنو وقع!! الشينوي جابها فراصو,2019-11-23 15:02:57+00:00,1142.0,929707,63715,1751
q3ZlpBAZzjA,درت مقلب خطير للوليد...رضيت ليه الدار قهوة ديال الشيشة!!!لموت ديال الضحك,2019-11-16 16:29:31+00:00,1290.0,1865195,132167,3276
je70JZ5mlz8,مشيت انا والواليد لموسم الزعفران...ولقينا كلب واحل فاشاريج!شوفو اشنو وقع🤔😂,2019-11-02 16:00:02+00:00,1274.0,1549785,86014,2188
F03SZMwqIBQ,سخف ليا لواليد فالغابة بسباب مغامرة خطيرة !!!,2019-10-06 18:02:21+00:00,1105.0,1227232,69963,2097
fV8bMh7aTBg,😂😂😂 مشينا لمغارة هرقل ودرنا فيها تحديات حمقة مع الواليد,2019-09-29 14:54:09+00:00,1030.0,1947025,95866,3392
nGUnUqPXbow,نوضنا الروينا فالمطار...ردة فعل الواليد فاش ركب الطيارة اول مرة😱,2019-09-25 17:56:38+00:00,955.0,5847359,239611,5566
2BOvlhcozLY,ختمنا الصيف باحمق تبحيرة...وركبنا JIT-SKi بالكاصك😂,2019-09-20 17:59:13+00:00,925.0,366031,28456,774
0-T4juvGKY0,درت برانك خطير للواليد: تشفرات الدارالواليد شوفو شنو دار ليا😱😱,2019-09-13 18:35:28+00:00,1437.0,2424938,137686,3773
4WzoE1LpEwM,سولتوني وجاوبتكوم: وأخيرا هادي هي الضالة لي كيحلم بيها الواليد,2019-08-31 17:06:34+00:00,1103.0,3457238,214445,4116
5hRefhHXW3Q,قاديت طاجين انا والواليد...درت ليه برانك خطير,2019-08-21 17:03:24+00:00,1277.0,2083912,113874,3370
L4hfrHaiTaI,دابزت مع الواليد نهار العيد على قبل مسمار ديال كباب!...لموت ديال الضحك,2019-08-13 15:05:25+00:00,739.0,1049273,64446,1515
Ktpo0qoKRSk,تأثرنا بزاف فالجزء التاني من مبادرة العيد...بكاتنا واحد السيدة,2019-08-11 18:12:16+00:00,974.0,500589,47564,1506
Ii_5WrlomjA,حاولنا ندخلو الفرحة على قلوب الناس ... مؤثر جدا,2019-08-05 18:45:04+00:00,611.0,2620351,158320,4806
tDvH6Ue2ZAQ,تقلب بينا  JET_SKI وسط لبحر😱...حفضنا الله,2019-08-03 17:00:58+00:00,1249.0,2833522,149762,2463
I5L8ys9J8Fw,عمنا فواد خطير...لواليد كان غيتسطا,2019-07-27 17:43:35+00:00,1004.0,1887443,94337,1376
J0MYzpE-cwM,قهراتنا الحرارة فمراكش شوفو شنو دار الواليد هههه,2019-07-17 20:14:25+00:00,1151.0,778983,66456,1511
dotS6KDBTi0,لواليد تحير فمهرجان كناوا...ولاحوني الدراري فالبحر بحوايجي😱,2019-07-05 19:14:42+00:00,1291.0,774999,46539,1840
1O0liZ4oHzc,دخل لواليد للسبيطار بسب مرض خطير...تكرفصنا فالسبيطار,2019-06-29 19:40:37+00:00,1813.0,3346621,210948,14247
FxmxyPFAtTU,خطب ليا لواليد كاورية😂...دوزنا أحسن تجربة فحياتنا!!!,2019-06-21 16:53:34+00:00,1155.0,1672891,93003,1777
xv9Dahq30gU,درنا احمق غذاء وسط البحر...ولواليد سخف !!!,2019-06-14 15:43:34+00:00,1510.0,1110253,62493,1599
Onl4pW_I5cE,لعبت أحمق لعبة مع الوليد SCREAM GO HERO,2019-05-10 16:56:12+00:00,882.0,511971,45437,1037
UqH_nbBB6cs,تلاقيت معاكوم فمكناس...شوفو شنو دار لواليد فالراديو لموت ديال ضحك,2019-05-04 16:20:41+00:00,681.0,558993,45203,971
-hsIJHt5rls,لوليد تزعط لينا فالكاوريات...لموت ديال الضحك,2019-04-27 17:10:29+00:00,901.0,1541850,95136,1905
ZipWM0w0ZuE,دوزنا احمق نهار فحياتنا...شوفو ردة فعل لوليد فاش ركب الكواض  parte: 1,2019-04-19 17:10:45+00:00,837.0,752223,55673,1193
KNfTYl04FJM,أحمق تحدي اللمس مع أبي 😂,2019-03-31 16:38:43+00:00,933.0,1733901,132597,3279
X28Haq3znYY,احمق تحدي لو خيروك مع ابي هههه شربت الصابون,2019-02-19 18:59:09+00:00,791.0,881656,86350,2682
tQ4rBkiDu38,عمنا في ابرد منطقة .. الموت ديال البرد 😬,2019-02-08 21:58:23+00:00,807.0,1195667,69290,1578
7tntHS71Iqg,أخطر مغامرة في جبال الاطلس مع أبي ... الواليد كان غايموت بالبرد 😬,2019-01-25 19:38:26+00:00,1503.0,748406,46537,2231
FzKomLsuFQk,مقلب الخمر في ابي هههه الموت ديال الضحك 😂,2019-01-13 17:13:05+00:00,616.0,3665042,187669,5357
gDdOkH7RaD0,احمق هدية راس السنة لأبي...توصلت بالدرع الفضي,2019-01-04 19:28:16+00:00,721.0,1171906,96891,2609
MMf3weBkcU8,أحمق تحدي المارشملو مع أبي 😂,2018-12-25 17:21:10+00:00,383.0,703149,60619,2705
LYoW8-Ew0nw,دخلت مع ابي الى قصر مهجور ...شوفو شنو وقع,2018-12-16 19:36:01+00:00,1101.0,1291296,84256,2431
awLntTlM0nY,دخلنا اكبر مغارة في شمال افريقيا - كنا غنموتو -,2018-12-02 21:48:01+00:00,1099.0,925025,69546,2832
neLFT6Js0Q8,دوزنا نهار حمق مع لواليد ... موت ديال الضحك 😂,2018-11-24 19:03:57+00:00,776.0,1793344,103342,4455
hWGAXu94xxA,غرق ليا الوليد فالمسبح...كان غايموت,2018-11-10 17:35:24+00:00,753.0,12262122,454382,11241
vvWjJVWxWVU,1998 - 2018,2018-11-03 18:39:35+00:00,239.0,447075,47473,2472
nsY6HHtduVw,سولتوني جاوبتكوم أنا و الوليد ديالي ... الوليد صدق كايدوي 6 داللغات 😂,2018-10-27 19:30:18+00:00,515.0,1718950,127102,4218
62CDX1OoW0Q,تحدي أكل الدود مع أبي خخخخ الهربة,2018-10-14 18:36:03+00:00,684.0,1095278,58417,2995
U8ouXgnX_WU,أحمق رحلة صيد مع أبي ههه الهربة,2018-10-03 22:00:58+00:00,919.0,3086057,174232,4361
bjUWuyYbPV4,أحمق سفر الى مراكش !!,2018-09-28 20:10:43+00:00,601.0,1029072,65569,1614
mYfcPpchBjk,أحمق أسئلة و أجوبة مع أبي ... الموت ديال الضحك 😂,2018-09-22 19:14:15+00:00,640.0,1558811,153264,5637
aEot1518DZY,تحدي طاكوس مع أطرف أب في العالم ... الموت ديال الضحك ههههه,2018-09-20 00:37:34+00:00,172.0,3804359,253189,4011
UFt8j-cfdsg,يوم جميل مع أطرف أب في العالم ... الموت ديال الضحك ههههه,2018-09-16 01:30:46+00:00,760.0,2199463,141370,4433
aU_QDdTcxsI,الضحك ديال البناية !! 😱😰,2018-09-11 19:15:42+00:00,62.0,634264,44154,466
OaqhQ2MnZbg,اخطر سرقة : مافيا السطوح بالمغرب 😨,2018-08-30 23:16:27+00:00,137.0,210049,14791,338
iC5VMpT0b-0,فاش كاتنصح خوك الكبير وكاتجيبها فراسك,2018-06-18 15:42:41+00:00,84.0,642729,43200,333
EPBbzG-Rp3M,VLOG #6 : اجواء العيد و خسارة المنتخب المغربي ... توقعات القط اخيل صحيحة,2018-06-16 15:26:01+00:00,389.0,520891,30128,339
2lpXMpy90e8,VLOG #5 : أفشل فطور رمضاني ... الموت ديال الضحك ههههه,2018-06-14 17:11:54+00:00,379.0,1332128,62239,726
lBGwszJdUjA,VLOG #4 : كنت غانغرق فرحلة صيد مع احمق لحية في العالم هههه .. الموت ديال الضحك,2018-06-07 17:14:01+00:00,443.0,558152,30777,517
j_i8ie5XXws,VINE 3 : فاش كادوز الامتحانات وكايتسحاب ليك راسك نجحتي,2018-06-05 18:25:14+00:00,113.0,286655,18029,344
aeN1e9eLBws,تحدي 20 الف ابوني : اول مغربي كيسيق الطوبيس .. الموت ديال الضحك هههه,2018-05-20 16:02:10+00:00,409.0,800070,63663,967
wtpPc8nogQQ,VLOG #3 ... جولة في احمق و اغرب سوق في العالم,2018-05-09 11:30:57+00:00,393.0,450429,25261,691
VYpztp3EzqU,Diffusion en direct de Khalid Lidlissi,2018-05-08 22:13:23+00:00,0.0,0,0,0
2iLHmQLlCPg,VLOG #2 : وكلت لعشراني الدود .. وكنت غانغرق فالرمال المتحركة,2018-04-29 22:21:01+00:00,661.0,1404787,77485,1533
ECvfgZShrIY,احمق فاين على المنحة موت ديال الضحك,2018-02-20 22:52:12+00:00,172.0,380525,28584,721
w5ryEMlpLiM,وضع ثقته في الحلاق .. أنظر ماذا حدث له !,2018-02-04 18:49:56+00:00,134.0,877759,39899,862
